S. No.,State/UT Name,Total No. of Villages,Villages - Computerization of Land Records Completed (In no.),Villages - Computerization of Land Records Completed (In %)
1,Andaman & Nicobar Islands,205,204,99.51
2,Andhra Pradesh,17563,17065,97.16
3,Arunachal Pradesh,5591,0,0
4,Assam,26784,15521,57.95
5,Bihar,46370,30284,65.31
6,Chandigarh,16,6,37.5
7,Chattisgarh,20496,17472,85.25
8,Dadra & Nagar Haveli,72,72,100
9,Daman & Diu,28,22,78.57
10,Goa,425,425,100
11,Gujarat,18527,17861,96.41
12,Haryana,7089,6583,92.86
13,Himachal Pradesh,20950,20693,98.77
14,Jammu & Kashmir,5494,512,9.32
15,Jharkhand,32945,32645,99.09
16,Karnataka,29527,29419,99.63
17,Kerala,1693,732,43.24
18,Ladakh,239,16,6.69
19,Lakshadweep,24,24,100
20,Madhya Pradesh,55070,54634,99.21
21,Maharastra,44855,44331,98.83
22,Manipur,2715,423,15.58
23,Meghalaya,6750,0,0
24,Mizoram,826,206,24.94
25,Nagaland,1600,512,32
26,Delhi,207,196,94.69
27,Odisha,51701,51701,100
28,Puducherry,130,117,90
29,Punjab,12894,12072,93.62
30,Rajasthan,47921,46386,96.8
31,Sikkim,417,417,100
32,Tamil Nadu,16786,16746,99.76
33,Telangana,10829,10768,99.44
34,Tripura,898,897,99.89
35,Uttarakhand,17023,16064,94.37
36,Uttar Pradesh,109109,105008,96.24
37,West Bengal,42190,41387,98.1
Total,Total,655959,591421,90
